{"name":"8168008d-b7d6-496a-9ddd-51cdf766625f","id":"/providers/Microsoft.Flow/flows/8168008d-b7d6-496a-9ddd-51cdf766625f","type":"Microsoft.Flow/flows","properties":{"apiId":"/providers/Microsoft.PowerApps/apis/shared_logicflows","displayName":"AutoReplyBack","definition":{"metadata":{"workflowEntityId":null,"processAdvisorMetadata":null,"flowChargedByPaygo":null,"flowclientsuspensionreason":"None","flowclientsuspensiontime":null,"flowclientsuspensionreasondetails":null,"creator":{"id":"c056de37-51c8-4484-b6f8-5d3e0cbbe99b","type":"User","tenantId":"f62aca8c-2ba2-417b-a0c1-ab3f1020ccc4"},"provisioningMethod":"FromDefinition","failureAlertSubscription":true,"clientLastModifiedTime":"2026-02-01T07:37:16.7412365Z","connectionKeySavedTimeKey":"2026-02-01T07:37:16.7412365Z","creationSource":"Portal","modifiedSources":"Portal"},"$schema":"https://schema.management.azure.com/providers/Microsoft.Logic/schemas/2016-06-01/workflowdefinition.json#","contentVersion":"1.0.0.0","parameters":{"$authentication":{"defaultValue":{},"type":"SecureObject"},"$connections":{"defaultValue":{},"type":"Object"}},"triggers":{"When_a_new_email_arrives_(V3)":{"splitOn":"@triggerOutputs()?['body/value']","type":"OpenApiConnectionNotification","inputs":{"parameters":{"includeAttachments":false,"importance":"Any","fetchOnlyWithAttachment":false,"folderPath":"Inbox"},"host":{"apiId":"/providers/Microsoft.PowerApps/apis/shared_office365","connectionName":"shared_office365","operationId":"OnNewEmailV3"},"authentication":"@parameters('$authentication')"}}},"actions":{"Reply_to_email_(V3)":{"runAfter":{},"type":"OpenApiConnection","inputs":{"parameters":{"messageId":"@triggerOutputs()?['body/id']","replyParameters/To":"@triggerOutputs()?['body/from']","replyParameters/Subject":"Autoreply ","replyParameters/Body":"<p class=\"editor-paragraph\">Thank you for your email.<br><br>I am currently on vacation and will respond once I’m back.<br><br>Thanks,<br>Dev</p>"},"host":{"apiId":"/providers/Microsoft.PowerApps/apis/shared_office365","connectionName":"shared_office365","operationId":"ReplyToV3"},"authentication":"@parameters('$authentication')"}}},"outputs":{}},"connectionReferences":{"shared_office365":{"connectionName":"shared-office365-786b616d-4358-4b7a-bce1-abc784614412","source":"Embedded","id":"/providers/Microsoft.PowerApps/apis/shared_office365","tier":"NotSpecified","apiName":"office365","isProcessSimpleApiReferenceConversionAlreadyDone":false}},"flowFailureAlertSubscribed":false,"isManaged":false}}