{"name":"cc929211-b60e-4cdf-8f25-d1c6babf354e","id":"/providers/Microsoft.Flow/flows/cc929211-b60e-4cdf-8f25-d1c6babf354e","type":"Microsoft.Flow/flows","properties":{"apiId":"/providers/Microsoft.PowerApps/apis/shared_logicflows","displayName":"Conditional_Intro","definition":{"metadata":{"workflowEntityId":null,"processAdvisorMetadata":null,"flowChargedByPaygo":null,"flowclientsuspensionreason":"None","flowclientsuspensiontime":null,"flowclientsuspensionreasondetails":null,"creator":{"id":"c056de37-51c8-4484-b6f8-5d3e0cbbe99b","type":"User","tenantId":"f62aca8c-2ba2-417b-a0c1-ab3f1020ccc4"},"provisioningMethod":"FromDefinition","failureAlertSubscription":true,"clientLastModifiedTime":"2026-02-01T11:28:25.8406652Z","connectionKeySavedTimeKey":"2026-02-01T11:28:25.8406652Z","creationSource":"Portal","modifiedSources":"Portal"},"$schema":"https://schema.management.azure.com/providers/Microsoft.Logic/schemas/2016-06-01/workflowdefinition.json#","contentVersion":"undefined","parameters":{"$authentication":{"defaultValue":{},"type":"SecureObject"},"$connections":{"defaultValue":{},"type":"Object"}},"triggers":{"manual":{"type":"Request","kind":"Button","inputs":{"schema":{"type":"object","properties":{"text":{"description":"Please enter your delivery method","title":"Delivery","type":"string","x-ms-content-hint":"TEXT","x-ms-dynamically-added":true},"text_1":{"description":"Please enter your message","title":"Message","type":"string","x-ms-content-hint":"TEXT","x-ms-dynamically-added":true}},"required":["text","text_1"]}}}},"actions":{"Condition":{"actions":{"Send_an_email_(V2)":{"type":"OpenApiConnection","inputs":{"parameters":{"emailMessage/To":"v027rag@cathaypacific.com","emailMessage/Subject":"Condition_Test","emailMessage/Body":"<p class=\"editor-paragraph\">@{triggerBody()?['text_1']}</p>","emailMessage/Importance":"Normal"},"host":{"apiId":"/providers/Microsoft.PowerApps/apis/shared_office365","connectionName":"shared_office365","operationId":"SendEmailV2"},"authentication":{"value":"@json(decodeBase64(triggerOutputs().headers['X-MS-APIM-Tokens']))['$ConnectionKey']","type":"Raw"}}}},"runAfter":{},"else":{"actions":{"Post_message_in_a_chat_or_channel":{"type":"OpenApiConnection","inputs":{"parameters":{"poster":"Flow bot","location":"Chat with Flow bot","body/recipient":"v027rag@cathaypacific.com","body/messageBody":"<p class=\"editor-paragraph\">@{triggerBody()?['text_1']}</p>"},"host":{"apiId":"/providers/Microsoft.PowerApps/apis/shared_teams","connectionName":"shared_teams","operationId":"PostMessageToConversation"},"authentication":{"value":"@json(decodeBase64(triggerOutputs().headers['X-MS-APIM-Tokens']))['$ConnectionKey']","type":"Raw"}}}}},"expression":{"and":[{"equals":["@triggerBody()?['text']","Email"]}]},"type":"If"}}},"connectionReferences":{"shared_office365":{"connectionName":"shared-office365-786b616d-4358-4b7a-bce1-abc784614412","source":"Invoker","id":"/providers/Microsoft.PowerApps/apis/shared_office365","tier":"NotSpecified","apiName":"office365","isProcessSimpleApiReferenceConversionAlreadyDone":false},"shared_teams":{"connectionName":"shared-teams-f050052e-55af-4753-a4ec-6105a8488414","source":"Invoker","id":"/providers/Microsoft.PowerApps/apis/shared_teams","tier":"NotSpecified","apiName":"teams","isProcessSimpleApiReferenceConversionAlreadyDone":false}},"flowFailureAlertSubscribed":false,"isManaged":false}}