{"name":"d2e27f50-ab6b-4282-9d96-b28305784dd8","id":"/providers/Microsoft.Flow/flows/d2e27f50-ab6b-4282-9d96-b28305784dd8","type":"Microsoft.Flow/flows","properties":{"apiId":"/providers/Microsoft.PowerApps/apis/shared_logicflows","displayName":"Scheduleflow_TeamsPopup","definition":{"metadata":{"workflowEntityId":null,"processAdvisorMetadata":null,"flowChargedByPaygo":null,"flowclientsuspensionreason":"None","flowclientsuspensiontime":null,"flowclientsuspensionreasondetails":null,"creator":{"id":"c056de37-51c8-4484-b6f8-5d3e0cbbe99b","type":"User","tenantId":"f62aca8c-2ba2-417b-a0c1-ab3f1020ccc4"},"provisioningMethod":"FromDefinition","failureAlertSubscription":true,"clientLastModifiedTime":"2026-02-01T07:49:47.7633319Z","connectionKeySavedTimeKey":"2026-02-01T07:49:47.7633319Z","creationSource":"Portal","modifiedSources":"Portal"},"$schema":"https://schema.management.azure.com/providers/Microsoft.Logic/schemas/2016-06-01/workflowdefinition.json#","contentVersion":"undefined","parameters":{"$authentication":{"defaultValue":{},"type":"SecureObject"},"$connections":{"defaultValue":{},"type":"Object"}},"triggers":{"Recurrence":{"recurrence":{"frequency":"Minute","interval":"1","startTime":"2026-02-01T04:30:00.000Z"},"evaluatedRecurrence":{"frequency":"Minute","interval":"1","startTime":"2026-02-01T04:30:00.000Z"},"type":"Recurrence"}},"actions":{"Post_message_in_a_chat_or_channel":{"runAfter":{},"type":"OpenApiConnection","inputs":{"parameters":{"poster":"Flow bot","location":"Chat with Flow bot","body/recipient":"v027rag@cathaypacific.com","body/messageBody":"<p class=\"editor-paragraph\">1 minute has passed</p>"},"host":{"apiId":"/providers/Microsoft.PowerApps/apis/shared_teams","connectionName":"shared_teams","operationId":"PostMessageToConversation"},"authentication":"@parameters('$authentication')"}}}},"connectionReferences":{"shared_teams":{"connectionName":"shared-teams-f050052e-55af-4753-a4ec-6105a8488414","source":"Embedded","id":"/providers/Microsoft.PowerApps/apis/shared_teams","tier":"NotSpecified","apiName":"teams","isProcessSimpleApiReferenceConversionAlreadyDone":false}},"flowFailureAlertSubscribed":false,"isManaged":false}}