{"name":"f2fa0698-9f57-4e1e-a0f7-61d2d8b55c6b","id":"/providers/Microsoft.Flow/flows/f2fa0698-9f57-4e1e-a0f7-61d2d8b55c6b","type":"Microsoft.Flow/flows","properties":{"apiId":"/providers/Microsoft.PowerApps/apis/shared_logicflows","displayName":"Expression Resource and Co-pilot","definition":{"metadata":{"workflowEntityId":null,"processAdvisorMetadata":null,"flowChargedByPaygo":null,"flowclientsuspensionreason":"None","flowclientsuspensiontime":null,"flowclientsuspensionreasondetails":null,"creator":{"id":"c056de37-51c8-4484-b6f8-5d3e0cbbe99b","type":"User","tenantId":"f62aca8c-2ba2-417b-a0c1-ab3f1020ccc4"},"provisioningMethod":"FromDefinition","failureAlertSubscription":true,"clientLastModifiedTime":"2026-02-01T11:14:02.3981142Z","connectionKeySavedTimeKey":"2026-02-01T11:14:02.3981142Z","creationSource":null,"modifiedSources":"Portal"},"$schema":"https://schema.management.azure.com/providers/Microsoft.Logic/schemas/2016-06-01/workflowdefinition.json#","contentVersion":"1.0.0.0","parameters":{"$authentication":{"defaultValue":{},"type":"SecureObject"},"$connections":{"defaultValue":{},"type":"Object"}},"triggers":{"manual":{"type":"Request","kind":"Button","inputs":{"schema":{"type":"object","properties":{"text":{"description":"Please enter your input","title":"Full Name","type":"string","x-ms-content-hint":"TEXT","x-ms-dynamically-added":true}},"required":["text"]}}}},"actions":{"Send_an_email_(V2)":{"runAfter":{},"type":"OpenApiConnection","inputs":{"parameters":{"emailMessage/To":"v027rag@cathaypacific.com","emailMessage/Subject":"Expression Exercise","emailMessage/Body":"<p class=\"editor-paragraph\">Your first name is: @{split(triggerBody()?['text'],' ')[0]}, Your last name is: @{last(split(triggerBody()?['text'],' '))\r\n}</p><br><p class=\"editor-paragraph\">updated querry of expression:</p><br><p class=\"editor-paragraph\">first Name:  @{split(triggerBody()?['text'],' ')[0]}, last name is @{join(skip(split(triggerBody()?['text'],' '),1),' ')}</p>","emailMessage/Importance":"Normal"},"host":{"apiId":"/providers/Microsoft.PowerApps/apis/shared_office365","connectionName":"shared_office365","operationId":"SendEmailV2"},"authentication":{"value":"@json(decodeBase64(triggerOutputs().headers['X-MS-APIM-Tokens']))['$ConnectionKey']","type":"Raw"}}}},"outputs":{}},"connectionReferences":{"shared_office365":{"connectionName":"shared-office365-786b616d-4358-4b7a-bce1-abc784614412","source":"Invoker","id":"/providers/Microsoft.PowerApps/apis/shared_office365","tier":"NotSpecified","apiName":"office365","isProcessSimpleApiReferenceConversionAlreadyDone":false}},"flowFailureAlertSubscribed":false,"isManaged":false}}