{"name":"4b26159d-4a32-4278-8adc-b1330acefdb5","id":"/providers/Microsoft.Flow/flows/4b26159d-4a32-4278-8adc-b1330acefdb5","type":"Microsoft.Flow/flows","properties":{"apiId":"/providers/Microsoft.PowerApps/apis/shared_logicflows","displayName":"AutomatedFlow_ExpressionExercise","definition":{"metadata":{"workflowEntityId":null,"processAdvisorMetadata":null,"flowChargedByPaygo":null,"flowclientsuspensionreason":"None","flowclientsuspensiontime":null,"flowclientsuspensionreasondetails":null,"creator":{"id":"c056de37-51c8-4484-b6f8-5d3e0cbbe99b","type":"User","tenantId":"f62aca8c-2ba2-417b-a0c1-ab3f1020ccc4"},"provisioningMethod":"FromDefinition","failureAlertSubscription":true,"clientLastModifiedTime":"2026-02-01T10:43:53.4368056Z","connectionKeySavedTimeKey":"2026-02-01T10:43:53.4368056Z","creationSource":"Portal","modifiedSources":"Portal"},"$schema":"https://schema.management.azure.com/providers/Microsoft.Logic/schemas/2016-06-01/workflowdefinition.json#","contentVersion":"1.0.0.0","parameters":{"$authentication":{"defaultValue":{},"type":"SecureObject"},"$connections":{"defaultValue":{},"type":"Object"}},"triggers":{"manual":{"type":"Request","kind":"Button","inputs":{"schema":{"type":"object","properties":{"number":{"description":"Please enter a number","title":"Number1","type":"number","x-ms-content-hint":"NUMBER","x-ms-dynamically-added":true},"number_1":{"description":"Please enter a number","title":"Number2","type":"number","x-ms-content-hint":"NUMBER","x-ms-dynamically-added":true},"date":{"description":"Please enter or select a date (YYYY-MM-DD)","format":"date","title":"Date","type":"string","x-ms-content-hint":"DATE","x-ms-dynamically-added":true}},"required":["number_1","date"]}}}},"actions":{"Send_an_email_(V2)":{"runAfter":{},"type":"OpenApiConnection","inputs":{"parameters":{"emailMessage/To":"v027rag@cathaypacific.com","emailMessage/Subject":"Expression Exercise","emailMessage/Body":"<p class=\"editor-paragraph\">The sumof these 2 number is : @{add(triggerBody()?['number'],triggerBody()?['number_1'])}</p><br><p class=\"editor-paragraph\">The max of these 2 number is: @{max(triggerBody()?['number'],triggerBody()?['number_1'])}</p><br><p class=\"editor-paragraph\">The Day of the date is: @{dayOfMonth(triggerBody()?['date'])}</p><br><p class=\"editor-paragraph\">The Current Date is: @{formatDateTime(utcNow(), 'yyyy-MM-dd')}</p><br>","emailMessage/Importance":"Normal"},"host":{"apiId":"/providers/Microsoft.PowerApps/apis/shared_office365","connectionName":"shared_office365","operationId":"SendEmailV2"},"authentication":{"value":"@json(decodeBase64(triggerOutputs().headers['X-MS-APIM-Tokens']))['$ConnectionKey']","type":"Raw"}}}},"outputs":{}},"connectionReferences":{"shared_office365":{"connectionName":"shared-office365-786b616d-4358-4b7a-bce1-abc784614412","source":"Invoker","id":"/providers/Microsoft.PowerApps/apis/shared_office365","tier":"NotSpecified","apiName":"office365","isProcessSimpleApiReferenceConversionAlreadyDone":false}},"flowFailureAlertSubscribed":false,"isManaged":false}}