{"name":"ec1fed6b-a974-44bc-9613-5a71b134aab9","id":"/providers/Microsoft.Flow/flows/ec1fed6b-a974-44bc-9613-5a71b134aab9","type":"Microsoft.Flow/flows","properties":{"apiId":"/providers/Microsoft.PowerApps/apis/shared_logicflows","displayName":"AutomatedCloud_Expression","definition":{"metadata":{"workflowEntityId":null,"processAdvisorMetadata":null,"flowChargedByPaygo":null,"flowclientsuspensionreason":"None","flowclientsuspensiontime":null,"flowclientsuspensionreasondetails":null,"creator":{"id":"c056de37-51c8-4484-b6f8-5d3e0cbbe99b","type":"User","tenantId":"f62aca8c-2ba2-417b-a0c1-ab3f1020ccc4"},"provisioningMethod":"FromDefinition","failureAlertSubscription":true,"clientLastModifiedTime":"2026-02-01T08:06:33.2025096Z","connectionKeySavedTimeKey":"2026-02-01T08:06:33.2025096Z","creationSource":"Portal","modifiedSources":"Portal"},"$schema":"https://schema.management.azure.com/providers/Microsoft.Logic/schemas/2016-06-01/workflowdefinition.json#","contentVersion":"1.0.0.0","parameters":{"$authentication":{"defaultValue":{},"type":"SecureObject"},"$connections":{"defaultValue":{},"type":"Object"}},"triggers":{"manual":{"type":"Request","kind":"Button","inputs":{"schema":{"type":"object","properties":{"text":{"description":"Please enter your input","title":"First Name","type":"string","x-ms-content-hint":"TEXT","x-ms-dynamically-added":true},"text_1":{"description":"Please enter your input","title":"Last Name","type":"string","x-ms-content-hint":"TEXT","x-ms-dynamically-added":true}},"required":["text_1"]}}}},"actions":{"Send_an_email_(V2)":{"runAfter":{},"type":"OpenApiConnection","inputs":{"parameters":{"emailMessage/To":"v027rag@cathaypacific.com","emailMessage/Subject":"Expression Test","emailMessage/Body":"<p class=\"editor-paragraph\">Your First Name: @{triggerBody()?['text']}</p><br><p class=\"editor-paragraph\">Your Last name: @{triggerBody()?['text_1']}</p><br><p class=\"editor-paragraph\">Your Full Name: @{triggerBody()?['text']} @{triggerBody()?['text_1']}</p><br><p class=\"editor-paragraph\">Using Expression : @{concat('Mr. ',triggerBody()?['text'],' ', triggerBody()?['text_1'])}</p>","emailMessage/Importance":"Normal"},"host":{"apiId":"/providers/Microsoft.PowerApps/apis/shared_office365","connectionName":"shared_office365","operationId":"SendEmailV2"},"authentication":{"value":"@json(decodeBase64(triggerOutputs().headers['X-MS-APIM-Tokens']))['$ConnectionKey']","type":"Raw"}}}},"outputs":{}},"connectionReferences":{"shared_office365":{"connectionName":"shared-office365-786b616d-4358-4b7a-bce1-abc784614412","source":"Invoker","id":"/providers/Microsoft.PowerApps/apis/shared_office365","tier":"NotSpecified","apiName":"office365","isProcessSimpleApiReferenceConversionAlreadyDone":false}},"flowFailureAlertSubscribed":false,"isManaged":false}}